opt,op,type,impl,N,avg_ms
O0,+,float,C,10000000,41.411372
O0,+,float,ASM,10000000,36.628320
O0,-,float,C,10000000,40.631218
O0,-,float,ASM,10000000,39.528983
O0,*,float,C,10000000,40.723202
O0,*,float,ASM,10000000,39.261163
O0,/,float,C,10000000,45.226278
O0,/,float,ASM,10000000,44.498373
op,impl,N,avg_ms
+,XMM,10000000,100.5809
-,XMM,10000000,32.1081
*,XMM,10000000,50.8904
/,XMM,10000000,35.0287